{"QU2Tlnj3bk/ly8QaKF4SKw==":"download%20(4)-2000x1330.png","YQeUetvkIdihXoaIxC11FA==":"pexels-photo-2000x1333.png","oh8KxSlH2QRdB5tbt6O2vw==":"download%20(4)-1400x931.png","t0kfRu6n2ICZMIB5Y66hLQ==":"pexels-photo-2000x1330.png","Zk2htuNVi3mqlvC7qLVPhA==":"pexels-photo-2000x1324.png","UqXPX2IiA40rkQrRa1DKDA==":"download%20(1)-2000x1498.png","uWCZZJ+D+nYy7xns6FxTMw==":"images%20(5)-2000x2000.png","8ODjU2RK6eXBvH9zFDHTvw==":"images%20(7)-2000x1498.png","oRsq4PA/NlOaQRuXCD0x0Q==":"images%20(6)-2000x1123.png","Qh16XVcM9p64YMCPrVgBBQ==":"images%20(8)-2000x1246.png","BhPCpsW6H8yhESRKvmZVsA==":"pexels-photo-1-2000x1333.png","pV1J735T/qvlhHGhtoUiiQ==":"pexels-photo-2000x1500.png","svyxRoiIfEgqK8Xh6/wIqA==":"pexels-photo-2-2000x1333.png","Lnwfk9obohDF0LwmJU5sUg==":"pexels-photo-3-2000x1333.png","kjcWImic7agWRjLMCP30mA==":"pexels-photo-2000x1125.png","BCPfLOEKjIu1PmcUOYdX7g==":"brainstorm%20logo-85x128.jpg"}